﻿<customers>
  <customer id="ALFKI">
    <company>Alfreds Futterkiste</company>
    <address>
      <street>Obere Str. 57</street>
      <city>Berlin</city>
      <zip>12209</zip>
      <country>Germany</country>
    </address>
    <contact>
      <name>Maria Anders</name>
      <title>Sales Representative</title>
      <phone>030-0074321</phone>
      <fax>030-0076545</fax>
    </contact>
  </customer>
  <customer id="ANATR">
    <company>Ana Trujillo Emparedados y helados</company>
    <address>
      <street>Avda. de la Constitución 2222</street>
      <city>México D.F.</city>
      <zip>05021</zip>
      <country>Mexico</country>
    </address>
    <contact>
      <name>Ana Trujillo</name>
      <title>Owner</title>
      <phone>(5) 555-4729</phone>
      <fax>(5) 555-3745</fax>
    </contact>
  </customer>
  <customer id="ANTON">
    <company>Antonio Moreno Taquería</company>
    <address>
      <street>Mataderos  2312</street>
      <city>México D.F.</city>
      <zip>05023</zip>
      <country>Mexico</country>
    </address>
    <contact>
      <name>Antonio Moreno</name>
      <title>Owner</title>
      <phone>(5) 555-3932</phone>
    </contact>
  </customer>
  <customer id="AROUT">
    <company>Around the Horn</company>
    <address>
      <street>120 Hanover Sq.</street>
      <city>London</city>
      <zip>WA1 1DP</zip>
      <country>UK</country>
    </address>
    <contact>
      <name>Thomas Hardy</name>
      <title>Sales Representative</title>
      <phone>(171) 555-7788</phone>
      <fax>(171) 555-6750</fax>
    </contact>
  </customer>
  <customer id="BERGS">
    <company>Berglunds snabbköp</company>
    <address>
      <street>Berguvsvägen  8</street>
      <city>Luleå</city>
      <zip>S-958 22</zip>
      <country>Sweden</country>
    </address>
    <contact>
      <name>Christina Berglund</name>
      <title>Order Administrator</title>
      <phone>0921-12 34 65</phone>
      <fax>0921-12 34 67</fax>
    </contact>
  </customer>
  <customer id="BLAUS">
    <company>Blauer See Delikatessen</company>
    <address>
      <street>Forsterstr. 57</street>
      <city>Mannheim</city>
      <zip>68306</zip>
      <country>Germany</country>
    </address>
    <contact>
      <name>Hanna Moos</name>
      <title>Sales Representative</title>
      <phone>0621-08460</phone>
      <fax>0621-08924</fax>
    </contact>
  </customer>
  <customer id="BLONP">
    <company>Blondesddsl père et fils</company>
    <address>
      <street>24, place Kléber</street>
      <city>Strasbourg</city>
      <zip>67000</zip>
      <country>France</country>
    </address>
    <contact>
      <name>Frédérique Citeaux</name>
      <title>Marketing Manager</title>
      <phone>88.60.15.31</phone>
      <fax>88.60.15.32</fax>
    </contact>
  </customer>
  <customer id="BOLID">
    <company>Bólido Comidas preparadas</company>
    <address>
      <street>C/ Araquil, 67</street>
      <city>Madrid</city>
      <zip>28023</zip>
      <country>Spain</country>
    </address>
    <contact>
      <name>Martín Sommer</name>
      <title>Owner</title>
      <phone>(91) 555 22 82</phone>
      <fax>(91) 555 91 99</fax>
    </contact>
  </customer>
  <customer id="BONAP">
    <company>Bon app'</company>
    <address>
      <street>12, rue des Bouchers</street>
      <city>Marseille</city>
      <zip>13008</zip>
      <country>France</country>
    </address>
    <contact>
      <name>Laurence Lebihan</name>
      <title>Owner</title>
      <phone>91.24.45.40</phone>
      <fax>91.24.45.41</fax>
    </contact>
  </customer>
  <customer id="BOTTM">
    <company>Bottom-Dollar Markets</company>
    <address>
      <street>23 Tsawassen Blvd.</street>
      <city>Tsawassen</city>
      <region>BC</region>
      <zip>T2F 8M4</zip>
      <country>Canada</country>
    </address>
    <contact>
      <name>Elizabeth Lincoln</name>
      <title>Accounting Manager</title>
      <phone>(604) 555-4729</phone>
      <fax>(604) 555-3745</fax>
    </contact>
  </customer>
  <customer id="BSBEV">
    <company>B's Beverages</company>
    <address>
      <street>Fauntleroy Circus</street>
      <city>London</city>
      <zip>EC2 5NT</zip>
      <country>UK</country>
    </address>
    <contact>
      <name>Victoria Ashworth</name>
      <title>Sales Representative</title>
      <phone>(171) 555-1212</phone>
    </contact>
  </customer>
  <customer id="CACTU">
    <company>Cactus Comidas para llevar</company>
    <address>
      <street>Cerrito 333</street>
      <city>Buenos Aires</city>
      <zip>1010</zip>
      <country>Argentina</country>
    </address>
    <contact>
      <name>Patricio Simpson</name>
      <title>Sales Agent</title>
      <phone>(1) 135-5555</phone>
      <fax>(1) 135-4892</fax>
    </contact>
  </customer>
  <customer id="CENTC">
    <company>Centro comercial Moctezuma</company>
    <address>
      <street>Sierras de Granada 9993</street>
      <city>México D.F.</city>
      <zip>05022</zip>
      <country>Mexico</country>
    </address>
    <contact>
      <name>Francisco Chang</name>
      <title>Marketing Manager</title>
      <phone>(5) 555-3392</phone>
      <fax>(5) 555-7293</fax>
    </contact>
  </customer>
  <customer id="CHOPS">
    <company>Chop-suey Chinese</company>
    <address>
      <street>Hauptstr. 29</street>
      <city>Bern</city>
      <zip>3012</zip>
      <country>Switzerland</country>
    </address>
    <contact>
      <name>Yang Wang</name>
      <title>Owner</title>
      <phone>0452-076545</phone>
    </contact>
  </customer>
  <customer id="COMMI">
    <company>Comércio Mineiro</company>
    <address>
      <street>Av. dos Lusíadas, 23</street>
      <city>Sao Paulo</city>
      <region>SP</region>
      <zip>05432-043</zip>
      <country>Brazil</country>
    </address>
    <contact>
      <name>Pedro Afonso</name>
      <title>Sales Associate</title>
      <phone>(11) 555-7647</phone>
    </contact>
  </customer>
  <customer id="CONSH">
    <company>Consolidated Holdings</company>
    <address>
      <street>Berkeley Gardens 12  Brewery</street>
      <city>London</city>
      <zip>WX1 6LT</zip>
      <country>UK</country>
    </address>
    <contact>
      <name>Elizabeth Brown</name>
      <title>Sales Representative</title>
      <phone>(171) 555-2282</phone>
      <fax>(171) 555-9199</fax>
    </contact>
  </customer>
  <customer id="DRACD">
    <company>Drachenblut Delikatessen</company>
    <address>
      <street>Walserweg 21</street>
      <city>Aachen</city>
      <zip>52066</zip>
      <country>Germany</country>
    </address>
    <contact>
      <name>Sven Ottlieb</name>
      <title>Order Administrator</title>
      <phone>0241-039123</phone>
      <fax>0241-059428</fax>
    </contact>
  </customer>
  <customer id="DUMON">
    <company>Du monde entier</company>
    <address>
      <street>67, rue des Cinquante Otages</street>
      <city>Nantes</city>
      <zip>44000</zip>
      <country>France</country>
    </address>
    <contact>
      <name>Janine Labrune</name>
      <title>Owner</title>
      <phone>40.67.88.88</phone>
      <fax>40.67.89.89</fax>
    </contact>
  </customer>
  <customer id="EASTC">
    <company>Eastern Connection</company>
    <address>
      <street>35 King George</street>
      <city>London</city>
      <zip>WX3 6FW</zip>
      <country>UK</country>
    </address>
    <contact>
      <name>Ann Devon</name>
      <title>Sales Agent</title>
      <phone>(171) 555-0297</phone>
      <fax>(171) 555-3373</fax>
    </contact>
  </customer>
  <customer id="ERNSH">
    <company>Ernst Handel</company>
    <address>
      <street>Kirchgasse 6</street>
      <city>Graz</city>
      <zip>8010</zip>
      <country>Austria</country>
    </address>
    <contact>
      <name>Roland Mendel</name>
      <title>Sales Manager</title>
      <phone>7675-3425</phone>
      <fax>7675-3426</fax>
    </contact>
  </customer>
  <customer id="FAMIA">
    <company>Familia Arquibaldo</company>
    <address>
      <street>Rua Orós, 92</street>
      <city>Sao Paulo</city>
      <region>SP</region>
      <zip>05442-030</zip>
      <country>Brazil</country>
    </address>
    <contact>
      <name>Aria Cruz</name>
      <title>Marketing Assistant</title>
      <phone>(11) 555-9857</phone>
    </contact>
  </customer>
  <customer id="FISSA">
    <company>FISSA Fabrica Inter. Salchichas S.A.</company>
    <address>
      <street>C/ Moralzarzal, 86</street>
      <city>Madrid</city>
      <zip>28034</zip>
      <country>Spain</country>
    </address>
    <contact>
      <name>Diego Roel</name>
      <title>Accounting Manager</title>
      <phone>(91) 555 94 44</phone>
      <fax>(91) 555 55 93</fax>
    </contact>
  </customer>
  <customer id="FOLIG">
    <company>Folies gourmandes</company>
    <address>
      <street>184, chaussée de Tournai</street>
      <city>Lille</city>
      <zip>59000</zip>
      <country>France</country>
    </address>
    <contact>
      <name>Martine Rancé</name>
      <title>Assistant Sales Agent</title>
      <phone>20.16.10.16</phone>
      <fax>20.16.10.17</fax>
    </contact>
  </customer>
  <customer id="FOLKO">
    <company>Folk och fä HB</company>
    <address>
      <street>Åkergatan 24</street>
      <city>Bräcke</city>
      <zip>S-844 67</zip>
      <country>Sweden</country>
    </address>
    <contact>
      <name>Maria Larsson</name>
      <title>Owner</title>
      <phone>0695-34 67 21</phone>
    </contact>
  </customer>
  <customer id="FRANK">
    <company>Frankenversand</company>
    <address>
      <street>Berliner Platz 43</street>
      <city>München</city>
      <zip>80805</zip>
      <country>Germany</country>
    </address>
    <contact>
      <name>Peter Franken</name>
      <title>Marketing Manager</title>
      <phone>089-0877310</phone>
      <fax>089-0877451</fax>
    </contact>
  </customer>
  <customer id="FRANR">
    <company>France restauration</company>
    <address>
      <street>54, rue Royale</street>
      <city>Nantes</city>
      <zip>44000</zip>
      <country>France</country>
    </address>
    <contact>
      <name>Carine Schmitt</name>
      <title>Marketing Manager</title>
      <phone>40.32.21.21</phone>
      <fax>40.32.21.20</fax>
    </contact>
  </customer>
  <customer id="FRANS">
    <company>Franchi S.p.A.</company>
    <address>
      <street>Via Monte Bianco 34</street>
      <city>Torino</city>
      <zip>10100</zip>
      <country>Italy</country>
    </address>
    <contact>
      <name>Paolo Accorti</name>
      <title>Sales Representative</title>
      <phone>011-4988260</phone>
      <fax>011-4988261</fax>
    </contact>
  </customer>
  <customer id="FURIB">
    <company>Furia Bacalhau e Frutos do Mar</company>
    <address>
      <street>Jardim das rosas n. 32</street>
      <city>Lisboa</city>
      <zip>1675</zip>
      <country>Portugal</country>
    </address>
    <contact>
      <name>Lino Rodriguez</name>
      <title>Sales Manager</title>
      <phone>(1) 354-2534</phone>
      <fax>(1) 354-2535</fax>
    </contact>
  </customer>
  <customer id="GALED">
    <company>Galería del gastrónomo</company>
    <address>
      <street>Rambla de Cataluña, 23</street>
      <city>Barcelona</city>
      <zip>08022</zip>
      <country>Spain</country>
    </address>
    <contact>
      <name>Eduardo Saavedra</name>
      <title>Marketing Manager</title>
      <phone>(93) 203 4560</phone>
      <fax>(93) 203 4561</fax>
    </contact>
  </customer>
  <customer id="GODOS">
    <company>Godos Cocina Típica</company>
    <address>
      <street>C/ Romero, 33</street>
      <city>Sevilla</city>
      <zip>41101</zip>
      <country>Spain</country>
    </address>
    <contact>
      <name>José Pedro Freyre</name>
      <title>Sales Manager</title>
      <phone>(95) 555 82 82</phone>
    </contact>
  </customer>
  <customer id="GOURL">
    <company>Gourmet Lanchonetes</company>
    <address>
      <street>Av. Brasil, 442</street>
      <city>Campinas</city>
      <region>SP</region>
      <zip>04876-786</zip>
      <country>Brazil</country>
    </address>
    <contact>
      <name>André Fonseca</name>
      <title>Sales Associate</title>
      <phone>(11) 555-9482</phone>
    </contact>
  </customer>
  <customer id="GREAL">
    <company>Great Lakes Food Market</company>
    <address>
      <street>2732 Baker Blvd.</street>
      <city>Eugene</city>
      <region>OR</region>
      <zip>97403</zip>
      <country>USA</country>
    </address>
    <contact>
      <name>Howard Snyder</name>
      <title>Marketing Manager</title>
      <phone>(503) 555-7555</phone>
    </contact>
  </customer>
  <customer id="GROSR">
    <company>GROSELLA-Restaurante</company>
    <address>
      <street>5ª Ave. Los Palos Grandes</street>
      <city>Caracas</city>
      <region>DF</region>
      <zip>1081</zip>
      <country>Venezuela</country>
    </address>
    <contact>
      <name>Manuel Pereira</name>
      <title>Owner</title>
      <phone>(2) 283-2951</phone>
      <fax>(2) 283-3397</fax>
    </contact>
  </customer>
  <customer id="HANAR">
    <company>Hanari Carnes</company>
    <address>
      <street>Rua do Paço, 67</street>
      <city>Rio de Janeiro</city>
      <region>RJ</region>
      <zip>05454-876</zip>
      <country>Brazil</country>
    </address>
    <contact>
      <name>Mario Pontes</name>
      <title>Accounting Manager</title>
      <phone>(21) 555-0091</phone>
      <fax>(21) 555-8765</fax>
    </contact>
  </customer>
  <customer id="HILAA">
    <company>HILARION-Abastos</company>
    <address>
      <street>Carrera 22 con Ave. Carlos Soublette #8-35</street>
      <city>San Cristóbal</city>
      <region>Táchira</region>
      <zip>5022</zip>
      <country>Venezuela</country>
    </address>
    <contact>
      <name>Carlos Hernández</name>
      <title>Sales Representative</title>
      <phone>(5) 555-1340</phone>
      <fax>(5) 555-1948</fax>
    </contact>
  </customer>
  <customer id="HUNGC">
    <company>Hungry Coyote Import Store</company>
    <address>
      <street>City Center Plaza 516 Main St.</street>
      <city>Elgin</city>
      <region>OR</region>
      <zip>97827</zip>
      <country>USA</country>
    </address>
    <contact>
      <name>Yoshi Latimer</name>
      <title>Sales Representative</title>
      <phone>(503) 555-6874</phone>
      <fax>(503) 555-2376</fax>
    </contact>
  </customer>
  <customer id="HUNGO">
    <company>Hungry Owl All-Night Grocers</company>
    <address>
      <street>8 Johnstown Road</street>
      <city>Cork</city>
      <region>Co. Cork</region>
      <country>Ireland</country>
    </address>
    <contact>
      <name>Patricia McKenna</name>
      <title>Sales Associate</title>
      <phone>2967 542</phone>
      <fax>2967 3333</fax>
    </contact>
  </customer>
  <customer id="ISLAT">
    <company>Island Trading</company>
    <address>
      <street>Garden House Crowther Way</street>
      <city>Cowes</city>
      <region>Isle of Wight</region>
      <zip>PO31 7PJ</zip>
      <country>UK</country>
    </address>
    <contact>
      <name>Helen Bennett</name>
      <title>Marketing Manager</title>
      <phone>(198) 555-8888</phone>
    </contact>
  </customer>
  <customer id="KOENE">
    <company>Königlich Essen</company>
    <address>
      <street>Maubelstr. 90</street>
      <city>Brandenburg</city>
      <zip>14776</zip>
      <country>Germany</country>
    </address>
    <contact>
      <name>Philip Cramer</name>
      <title>Sales Associate</title>
      <phone>0555-09876</phone>
    </contact>
  </customer>
  <customer id="LACOR">
    <company>La corne d'abondance</company>
    <address>
      <street>67, avenue de l'Europe</street>
      <city>Versailles</city>
      <zip>78000</zip>
      <country>France</country>
    </address>
    <contact>
      <name>Daniel Tonini</name>
      <title>Sales Representative</title>
      <phone>30.59.84.10</phone>
      <fax>30.59.85.11</fax>
    </contact>
  </customer>
  <customer id="LAMAI">
    <company>La maison d'Asie</company>
    <address>
      <street>1 rue Alsace-Lorraine</street>
      <city>Toulouse</city>
      <zip>31000</zip>
      <country>France</country>
    </address>
    <contact>
      <name>Annette Roulet</name>
      <title>Sales Manager</title>
      <phone>61.77.61.10</phone>
      <fax>61.77.61.11</fax>
    </contact>
  </customer>
  <customer id="LAUGB">
    <company>Laughing Bacchus Wine Cellars</company>
    <address>
      <street>1900 Oak St.</street>
      <city>Vancouver</city>
      <region>BC</region>
      <zip>V3F 2K1</zip>
      <country>Canada</country>
    </address>
    <contact>
      <name>Yoshi Tannamuri</name>
      <title>Marketing Assistant</title>
      <phone>(604) 555-3392</phone>
      <fax>(604) 555-7293</fax>
    </contact>
  </customer>
  <customer id="LAZYK">
    <company>Lazy K Kountry Store</company>
    <address>
      <street>12 Orchestra Terrace</street>
      <city>Walla Walla</city>
      <region>WA</region>
      <zip>99362</zip>
      <country>USA</country>
    </address>
    <contact>
      <name>John Steel</name>
      <title>Marketing Manager</title>
      <phone>(509) 555-7969</phone>
      <fax>(509) 555-6221</fax>
    </contact>
  </customer>
  <customer id="LEHMS">
    <company>Lehmanns Marktstand</company>
    <address>
      <street>Magazinweg 7</street>
      <city>Frankfurt a.M.</city>
      <zip>60528</zip>
      <country>Germany</country>
    </address>
    <contact>
      <name>Renate Messner</name>
      <title>Sales Representative</title>
      <phone>069-0245984</phone>
      <fax>069-0245874</fax>
    </contact>
  </customer>
  <customer id="LETSS">
    <company>Let's Stop N Shop</company>
    <address>
      <street>87 Polk St. Suite 5</street>
      <city>San Francisco</city>
      <region>CA</region>
      <zip>94117</zip>
      <country>USA</country>
    </address>
    <contact>
      <name>Jaime Yorres</name>
      <title>Owner</title>
      <phone>(415) 555-5938</phone>
    </contact>
  </customer>
  <customer id="LILAS">
    <company>LILA-Supermercado</company>
    <address>
      <street>Carrera 52 con Ave. Bolívar #65-98 Llano Largo</street>
      <city>Barquisimeto</city>
      <region>Lara</region>
      <zip>3508</zip>
      <country>Venezuela</country>
    </address>
    <contact>
      <name>Carlos González</name>
      <title>Accounting Manager</title>
      <phone>(9) 331-6954</phone>
      <fax>(9) 331-7256</fax>
    </contact>
  </customer>
  <customer id="LINOD">
    <company>LINO-Delicateses</company>
    <address>
      <street>Ave. 5 de Mayo Porlamar</street>
      <city>I. de Margarita</city>
      <region>Nueva Esparta</region>
      <zip>4980</zip>
      <country>Venezuela</country>
    </address>
    <contact>
      <name>Felipe Izquierdo</name>
      <title>Owner</title>
      <phone>(8) 34-56-12</phone>
      <fax>(8) 34-93-93</fax>
    </contact>
  </customer>
  <customer id="LONEP">
    <company>Lonesome Pine Restaurant</company>
    <address>
      <street>89 Chiaroscuro Rd.</street>
      <city>Portland</city>
      <region>OR</region>
      <zip>97219</zip>
      <country>USA</country>
    </address>
    <contact>
      <name>Fran Wilson</name>
      <title>Sales Manager</title>
      <phone>(503) 555-9573</phone>
      <fax>(503) 555-9646</fax>
    </contact>
  </customer>
  <customer id="MAGAA">
    <company>Magazzini Alimentari Riuniti</company>
    <address>
      <street>Via Ludovico il Moro 22</street>
      <city>Bergamo</city>
      <zip>24100</zip>
      <country>Italy</country>
    </address>
    <contact>
      <name>Giovanni Rovelli</name>
      <title>Marketing Manager</title>
      <phone>035-640230</phone>
      <fax>035-640231</fax>
    </contact>
  </customer>
  <customer id="MAISD">
    <company>Maison Dewey</company>
    <address>
      <street>Rue Joseph-Bens 532</street>
      <city>Bruxelles</city>
      <zip>B-1180</zip>
      <country>Belgium</country>
    </address>
    <contact>
      <name>Catherine Dewey</name>
      <title>Sales Agent</title>
      <phone>(02) 201 24 67</phone>
      <fax>(02) 201 24 68</fax>
    </contact>
  </customer>
  <customer id="MEREP">
    <company>Mère Paillarde</company>
    <address>
      <street>43 rue St. Laurent</street>
      <city>Montréal</city>
      <region>Québec</region>
      <zip>H1J 1C3</zip>
      <country>Canada</country>
    </address>
    <contact>
      <name>Jean Fresnière</name>
      <title>Marketing Assistant</title>
      <phone>(514) 555-8054</phone>
      <fax>(514) 555-8055</fax>
    </contact>
  </customer>
  <customer id="MORGK">
    <company>Morgenstern Gesundkost</company>
    <address>
      <street>Heerstr. 22</street>
      <city>Leipzig</city>
      <zip>04179</zip>
      <country>Germany</country>
    </address>
    <contact>
      <name>Alexander Feuer</name>
      <title>Marketing Assistant</title>
      <phone>0342-023176</phone>
    </contact>
  </customer>
  <customer id="NORTS">
    <company>North/South</company>
    <address>
      <street>South House 300 Queensbridge</street>
      <city>London</city>
      <zip>SW7 1RZ</zip>
      <country>UK</country>
    </address>
    <contact>
      <name>Simon Crowther</name>
      <title>Sales Associate</title>
      <phone>(171) 555-7733</phone>
      <fax>(171) 555-2530</fax>
    </contact>
  </customer>
  <customer id="OCEAN">
    <company>Océano Atlántico Ltda.</company>
    <address>
      <street>Ing. Gustavo Moncada 8585 Piso 20-A</street>
      <city>Buenos Aires</city>
      <zip>1010</zip>
      <country>Argentina</country>
    </address>
    <contact>
      <name>Yvonne Moncada</name>
      <title>Sales Agent</title>
      <phone>(1) 135-5333</phone>
      <fax>(1) 135-5535</fax>
    </contact>
  </customer>
  <customer id="OLDWO">
    <company>Old World Delicatessen</company>
    <address>
      <street>2743 Bering St.</street>
      <city>Anchorage</city>
      <region>AK</region>
      <zip>99508</zip>
      <country>USA</country>
    </address>
    <contact>
      <name>Rene Phillips</name>
      <title>Sales Representative</title>
      <phone>(907) 555-7584</phone>
      <fax>(907) 555-2880</fax>
    </contact>
  </customer>
  <customer id="OTTIK">
    <company>Ottilies Käseladen</company>
    <address>
      <street>Mehrheimerstr. 369</street>
      <city>Köln</city>
      <zip>50739</zip>
      <country>Germany</country>
    </address>
    <contact>
      <name>Henriette Pfalzheim</name>
      <title>Owner</title>
      <phone>0221-0644327</phone>
      <fax>0221-0765721</fax>
    </contact>
  </customer>
  <customer id="PARIS">
    <company>Paris spécialités</company>
    <address>
      <street>265, boulevard Charonne</street>
      <city>Paris</city>
      <zip>75012</zip>
      <country>France</country>
    </address>
    <contact>
      <name>Marie Bertrand</name>
      <title>Owner</title>
      <phone>(1) 42.34.22.66</phone>
      <fax>(1) 42.34.22.77</fax>
    </contact>
  </customer>
  <customer id="PERIC">
    <company>Pericles Comidas clásicas</company>
    <address>
      <street>Calle Dr. Jorge Cash 321</street>
      <city>México D.F.</city>
      <zip>05033</zip>
      <country>Mexico</country>
    </address>
    <contact>
      <name>Guillermo Fernández</name>
      <title>Sales Representative</title>
      <phone>(5) 552-3745</phone>
      <fax>(5) 545-3745</fax>
    </contact>
  </customer>
  <customer id="PICCO">
    <company>Piccolo und mehr</company>
    <address>
      <street>Geislweg 14</street>
      <city>Salzburg</city>
      <zip>5020</zip>
      <country>Austria</country>
    </address>
    <contact>
      <name>Georg Pipps</name>
      <title>Sales Manager</title>
      <phone>6562-9722</phone>
      <fax>6562-9723</fax>
    </contact>
  </customer>
  <customer id="PRINI">
    <company>Princesa Isabel Vinhos</company>
    <address>
      <street>Estrada da saúde n. 58</street>
      <city>Lisboa</city>
      <zip>1756</zip>
      <country>Portugal</country>
    </address>
    <contact>
      <name>Isabel de Castro</name>
      <title>Sales Representative</title>
      <phone>(1) 356-5634</phone>
    </contact>
  </customer>
  <customer id="QUEDE">
    <company>Que Delícia</company>
    <address>
      <street>Rua da Panificadora, 12</street>
      <city>Rio de Janeiro</city>
      <region>RJ</region>
      <zip>02389-673</zip>
      <country>Brazil</country>
    </address>
    <contact>
      <name>Bernardo Batista</name>
      <title>Accounting Manager</title>
      <phone>(21) 555-4252</phone>
      <fax>(21) 555-4545</fax>
    </contact>
  </customer>
  <customer id="QUEEN">
    <company>Queen Cozinha</company>
    <address>
      <street>Alameda dos Canàrios, 891</street>
      <city>Sao Paulo</city>
      <region>SP</region>
      <zip>05487-020</zip>
      <country>Brazil</country>
    </address>
    <contact>
      <name>Lúcia Carvalho</name>
      <title>Marketing Assistant</title>
      <phone>(11) 555-1189</phone>
    </contact>
  </customer>
  <customer id="QUICK">
    <company>QUICK-Stop</company>
    <address>
      <street>Taucherstraße 10</street>
      <city>Cunewalde</city>
      <zip>01307</zip>
      <country>Germany</country>
    </address>
    <contact>
      <name>Horst Kloss</name>
      <title>Accounting Manager</title>
      <phone>0372-035188</phone>
    </contact>
  </customer>
  <customer id="RANCH">
    <company>Rancho grande</company>
    <address>
      <street>Av. del Libertador 900</street>
      <city>Buenos Aires</city>
      <zip>1010</zip>
      <country>Argentina</country>
    </address>
    <contact>
      <name>Sergio Gutiérrez</name>
      <title>Sales Representative</title>
      <phone>(1) 123-5555</phone>
      <fax>(1) 123-5556</fax>
    </contact>
  </customer>
  <customer id="RATTC">
    <company>Rattlesnake Canyon Grocery</company>
    <address>
      <street>2817 Milton Dr.</street>
      <city>Albuquerque</city>
      <region>NM</region>
      <zip>87110</zip>
      <country>USA</country>
    </address>
    <contact>
      <name>Paula Wilson</name>
      <title>Assistant Sales Representative</title>
      <phone>(505) 555-5939</phone>
      <fax>(505) 555-3620</fax>
    </contact>
  </customer>
  <customer id="REGGC">
    <company>Reggiani Caseifici</company>
    <address>
      <street>Strada Provinciale 124</street>
      <city>Reggio Emilia</city>
      <zip>42100</zip>
      <country>Italy</country>
    </address>
    <contact>
      <name>Maurizio Moroni</name>
      <title>Sales Associate</title>
      <phone>0522-556721</phone>
      <fax>0522-556722</fax>
    </contact>
  </customer>
  <customer id="RICAR">
    <company>Ricardo Adocicados</company>
    <address>
      <street>Av. Copacabana, 267</street>
      <city>Rio de Janeiro</city>
      <region>RJ</region>
      <zip>02389-890</zip>
      <country>Brazil</country>
    </address>
    <contact>
      <name>Janete Limeira</name>
      <title>Assistant Sales Agent</title>
      <phone>(21) 555-3412</phone>
    </contact>
  </customer>
  <customer id="RICSU">
    <company>Richter Supermarkt</company>
    <address>
      <street>Grenzacherweg 237</street>
      <city>Genève</city>
      <zip>1203</zip>
      <country>Switzerland</country>
    </address>
    <contact>
      <name>Michael Holz</name>
      <title>Sales Manager</title>
      <phone>0897-034214</phone>
    </contact>
  </customer>
  <customer id="ROMEY">
    <company>Romero y tomillo</company>
    <address>
      <street>Gran Vía, 1</street>
      <city>Madrid</city>
      <zip>28001</zip>
      <country>Spain</country>
    </address>
    <contact>
      <name>Alejandra Camino</name>
      <title>Accounting Manager</title>
      <phone>(91) 745 6200</phone>
      <fax>(91) 745 6210</fax>
    </contact>
  </customer>
  <customer id="SANTG">
    <company>Santé Gourmet</company>
    <address>
      <street>Erling Skakkes gate 78</street>
      <city>Stavern</city>
      <zip>4110</zip>
      <country>Norway</country>
    </address>
    <contact>
      <name>Jonas Bergulfsen</name>
      <title>Owner</title>
      <phone>07-98 92 35</phone>
      <fax>07-98 92 47</fax>
    </contact>
  </customer>
  <customer id="SAVEA">
    <company>Save-a-lot Markets</company>
    <address>
      <street>187 Suffolk Ln.</street>
      <city>Boise</city>
      <region>ID</region>
      <zip>83720</zip>
      <country>USA</country>
    </address>
    <contact>
      <name>Jose Pavarotti</name>
      <title>Sales Representative</title>
      <phone>(208) 555-8097</phone>
    </contact>
  </customer>
  <customer id="SEVES">
    <company>Seven Seas Imports</company>
    <address>
      <street>90 Wadhurst Rd.</street>
      <city>London</city>
      <zip>OX15 4NB</zip>
      <country>UK</country>
    </address>
    <contact>
      <name>Hari Kumar</name>
      <title>Sales Manager</title>
      <phone>(171) 555-1717</phone>
      <fax>(171) 555-5646</fax>
    </contact>
  </customer>
  <customer id="SIMOB">
    <company>Simons bistro</company>
    <address>
      <street>Vinbæltet 34</street>
      <city>Kobenhavn</city>
      <zip>1734</zip>
      <country>Denmark</country>
    </address>
    <contact>
      <name>Jytte Petersen</name>
      <title>Owner</title>
      <phone>31 12 34 56</phone>
      <fax>31 13 35 57</fax>
    </contact>
  </customer>
  <customer id="SPECD">
    <company>Spécialités du monde</company>
    <address>
      <street>25, rue Lauriston</street>
      <city>Paris</city>
      <zip>75016</zip>
      <country>France</country>
    </address>
    <contact>
      <name>Dominique Perrier</name>
      <title>Marketing Manager</title>
      <phone>(1) 47.55.60.10</phone>
      <fax>(1) 47.55.60.20</fax>
    </contact>
  </customer>
  <customer id="SPLIR">
    <company>Split Rail Beer &amp; Ale</company>
    <address>
      <street>P.O. Box 555</street>
      <city>Lander</city>
      <region>WY</region>
      <zip>82520</zip>
      <country>USA</country>
    </address>
    <contact>
      <name>Art Braunschweiger</name>
      <title>Sales Manager</title>
      <phone>(307) 555-4680</phone>
      <fax>(307) 555-6525</fax>
    </contact>
  </customer>
  <customer id="SUPRD">
    <company>Suprêmes délices</company>
    <address>
      <street>Boulevard Tirou, 255</street>
      <city>Charleroi</city>
      <zip>B-6000</zip>
      <country>Belgium</country>
    </address>
    <contact>
      <name>Pascale Cartrain</name>
      <title>Accounting Manager</title>
      <phone>(071) 23 67 22 20</phone>
      <fax>(071) 23 67 22 21</fax>
    </contact>
  </customer>
  <customer id="THEBI">
    <company>The Big Cheese</company>
    <address>
      <street>89 Jefferson Way Suite 2</street>
      <city>Portland</city>
      <region>OR</region>
      <zip>97201</zip>
      <country>USA</country>
    </address>
    <contact>
      <name>Liz Nixon</name>
      <title>Marketing Manager</title>
      <phone>(503) 555-3612</phone>
    </contact>
  </customer>
  <customer id="THECR">
    <company>The Cracker Box</company>
    <address>
      <street>55 Grizzly Peak Rd.</street>
      <city>Butte</city>
      <region>MT</region>
      <zip>59801</zip>
      <country>USA</country>
    </address>
    <contact>
      <name>Liu Wong</name>
      <title>Marketing Assistant</title>
      <phone>(406) 555-5834</phone>
      <fax>(406) 555-8083</fax>
    </contact>
  </customer>
  <customer id="TOMSP">
    <company>Toms Spezialitäten</company>
    <address>
      <street>Luisenstr. 48street></street>
        <city>Münster</city>
        <zip>44087</zip>
        <country>Germany</country>
      </address>
    <contact>
      <name>Karin Josephs</name>
      <title>Marketing Manager</title>
      <phone>0251-031259</phone>
      <fax>0251-035695</fax>
    </contact>
  </customer>
  <customer id="TORTU">
    <company>Tortuga Restaurante</company>
    <address>
      <street>Avda. Azteca 123</street>
      <city>México D.F.</city>
      <zip>05033</zip>
      <country>Mexico</country>
    </address>
    <contact>
      <name>Miguel Angel Paolino</name>
      <title>Owner</title>
      <phone>(5) 555-2933</phone>
    </contact>
  </customer>
  <customer id="TRADH">
    <company>Tradição Hipermercados</company>
    <address>
      <street>Av. Inês de Castro, 414</street>
      <city>Sao Paulo</city>
      <region>SP</region>
      <zip>05634-030</zip>
      <country>Brazil</country>
    </address>
    <contact>
      <name>Anabela Domingues</name>
      <title>Sales Representative</title>
      <phone>(11) 555-2167</phone>
      <fax>(11) 555-2168</fax>
    </contact>
  </customer>
  <customer id="TRAIH">
    <company>Trail's Head Gourmet Provisioners</company>
    <address>
      <street>722 DaVinci Blvd.</street>
      <city>Kirkland</city>
      <region>WA</region>
      <zip>98034</zip>
      <country>USA</country>
    </address>
    <contact>
      <name>Helvetius Nagy</name>
      <title>Sales Associate</title>
      <phone>(206) 555-8257</phone>
      <fax>(206) 555-2174</fax>
    </contact>
  </customer>
  <customer id="VAFFE">
    <company>Vaffeljernet</company>
    <address>
      <street>Smagsloget 45</street>
      <city>Århus</city>
      <zip>8200</zip>
      <country>Denmark</country>
    </address>
    <contact>
      <name>Palle Ibsen</name>
      <title>Sales Manager</title>
      <phone>86 21 32 43</phone>
      <fax>86 22 33 44</fax>
    </contact>
  </customer>
  <customer id="VICTE">
    <company>Victuailles en stock</company>
    <address>
      <street>2, rue du Commerce</street>
      <city>Lyon</city>
      <zip>69004</zip>
      <country>France</country>
    </address>
    <contact>
      <name>Mary Saveley</name>
      <title>Sales Agent</title>
      <phone>78.32.54.86</phone>
      <fax>78.32.54.87</fax>
    </contact>
  </customer>
  <customer id="VINET">
    <company>Vins et alcools Chevalier</company>
    <address>
      <street>59 rue de l'Abbaye</street>
      <city>Reims</city>
      <zip>51100</zip>
      <country>France</country>
    </address>
    <contact>
      <name>Paul Henriot</name>
      <title>Accounting Manager</title>
      <phone>26.47.15.10</phone>
      <fax>26.47.15.11</fax>
    </contact>
  </customer>
  <customer id="WANDK">
    <company>Die Wandernde Kuh</company>
    <address>
      <street>Adenauerallee 900</street>
      <city>Stuttgart</city>
      <zip>70563</zip>
      <country>Germany</country>
    </address>
    <contact>
      <name>Rita Müller</name>
      <title>Sales Representative</title>
      <phone>0711-020361</phone>
      <fax>0711-035428</fax>
    </contact>
  </customer>
  <customer id="WARTH">
    <company>Wartian Herkku</company>
    <address>
      <street>Torikatu 38</street>
      <city>Oulu</city>
      <zip>90110</zip>
      <country>Finland</country>
    </address>
    <contact>
      <name>Pirkko Koskitalo</name>
      <title>Accounting Manager</title>
      <phone>981-443655</phone>
      <fax>981-443655</fax>
    </contact>
  </customer>
  <customer id="WELLI">
    <company>Wellington Importadora</company>
    <address>
      <street>Rua do Mercado, 12</street>
      <city>Resende</city>
      <region>SP</region>
      <zip>08737-363</zip>
      <country>Brazil</country>
    </address>
    <contact>
      <name>Paula Parente</name>
      <title>Sales Manager</title>
      <phone>(14) 555-8122</phone>
    </contact>
  </customer>
  <customer id="WHITC">
    <company>White Clover Markets</company>
    <address>
      <street>305 - 14th Ave. S. Suite 3B</street>
      <city>Seattle</city>
      <region>WA</region>
      <zip>98128</zip>
      <country>USA</country>
    </address>
    <contact>
      <name>Karl Jablonski</name>
      <title>Owner</title>
      <phone>(206) 555-4112</phone>
      <fax>(206) 555-4115</fax>
    </contact>
  </customer>
  <customer id="WILMK">
    <company>Wilman Kala</company>
    <address>
      <street>Keskuskatu 45</street>
      <city>Helsinki</city>
      <zip>21240</zip>
      <country>Finland</country>
    </address>
    <contact>
      <name>Matti Karttunen</name>
      <title>Owner/Marketing Assistant</title>
      <phone>90-224 8858</phone>
      <fax>90-224 8858</fax>
    </contact>
  </customer>
  <customer id="WOLZA">
    <company>Wolski  Zajazd</company>
    <address>
      <street>ul. Filtrowa 68</street>
      <city>Warszawa</city>
      <zip>01-012</zip>
      <country>Poland</country>
    </address>
    <contact>
      <name>Zbyszek Piestrzeniewicz</name>
      <title>Owner</title>
      <phone>(26) 642-7012</phone>
      <fax>(26) 642-7012</fax>
    </contact>
  </customer>
</customers>